{"cameraMode":{"drawMode":0,"name":"Shaded","section":"Shading Mode"},"sceneLighting":true,"audioPlay":false,"sceneViewState":{"showFog":false,"showMaterialUpdate":false,"showSkybox":false,"showFlares":true,"showImageEffects":true,"showParticleSystems":true},"in2DMode":false,"pivot":{"x":1.7029999494552613,"y":3.5840349197387697,"z":0.030000001192092897},"rotation":{"x":0.22423860430717469,"y":-0.595832109451294,"z":0.1780828982591629,"w":0.7503877878189087},"size":2.3664321899414064,"orthographic":false}