{"cameraMode":{"drawMode":0,"name":"Shaded","section":"Shading Mode"},"sceneLighting":false,"audioPlay":false,"sceneViewState":{"showFog":false,"showMaterialUpdate":false,"showSkybox":false,"showFlares":true,"showImageEffects":true,"showParticleSystems":true},"in2DMode":false,"pivot":{"x":-15.609999656677246,"y":-9.149999618530274,"z":16.190000534057618},"rotation":{"x":-0.34120887517929079,"y":0.4227302372455597,"z":-0.17574620246887208,"w":-0.8210193514823914},"size":45.97868728637695,"orthographic":false}