{"cameraMode":{"drawMode":0,"name":"Shaded","section":"Shading Mode"},"sceneLighting":true,"audioPlay":false,"sceneViewState":{"showFog":false,"showMaterialUpdate":false,"showSkybox":false,"showFlares":true,"showImageEffects":true,"showParticleSystems":true},"in2DMode":false,"pivot":{"x":-6.332319259643555,"y":1.0309395790100098,"z":0.8298659324645996},"rotation":{"x":0.3716907799243927,"y":0.2743453085422516,"z":-0.11592096835374832,"w":0.8793451189994812},"size":4.641658782958984,"orthographic":false}