{"cameraMode":{"drawMode":0,"name":"Shaded","section":"Shading Mode"},"sceneLighting":false,"audioPlay":false,"sceneViewState":{"showFog":false,"showMaterialUpdate":false,"showSkybox":false,"showFlares":true,"showImageEffects":true,"showParticleSystems":true},"in2DMode":false,"pivot":{"x":2.8309555053710939,"y":151.1983642578125,"z":5.389900207519531},"rotation":{"x":-0.17753969132900239,"y":0.811991810798645,"z":-0.31429895758628847,"w":-0.4586818218231201},"size":590.8300170898438,"orthographic":false}